feature,importance
prior_surprise,0.7507740039290561
revision_60d,0.08391758456490081
dispersion,0.06935272171469228
num_analysts,0.04147914143903178
sector_encoded,0.023085706700290077
days_since_last,0.017128025113177386
mkcap_encoded,0.014262816538851584
revision_30d,0.0
